Name,Age,City
Alice,35,New York
Bob,28,Los Angeles
Charlie,42,Chicago
David,33,San Francisco
Eva,45,Miami
Fiona,29,Boston
George,39,Denver
Hannah,26,Seattle
Isaac,38,Austin
Jack,31,Houston
Sophia,27,New York
Oliver,32,Los Angeles
Emma,43,Chicago
Liam,29,San Francisco
Mia,36,Miami
William,25,Boston
Ava,40,Denver
James,33,Seattle
Charlotte,37,Austin
Benjamin,28,Houston
Olivia,44,New York
Henry,30,Los Angeles
Amelia,38,Chicago
Alexander,34,San Francisco
Harper,41,Miami
Michael,26,Boston
Evelyn,31,Denver
Daniel,37,Seattle
Abigail,35,Austin
Matthew,29,Houston
Eleanor,29,San Francisco
Sophie,33,Miami
Jacob,42,Boston
Lucy,26,Denver
Benjamin,38,Seattle
Liam,30,Austin
Ava,37,Houston
Charlotte,28,New York
Ethan,45,Los Angeles
Mason,31,Chicago
Olivia,29,San Francisco
Grace,40,Miami
Mia,25,Boston
William,36,Denver
Aiden,32,Seattle
Henry,34,Austin
Harper,27,Houston
James,43,New York
Emily,29,Los Angeles
Daniel,37,Chicago
Emma,35,San Francisco
Oliver,39,Miami
Sophia,26,Boston
Evelyn,34,Denver
Michael,41,Seattle
Abigail,31,Austin
Lucas,38,Houston
Aiden,34,Chicago
Ella,31,New York
Samuel,40,Los Angeles
Scarlett,29,San Francisco
Henry,36,Houston
Liam,27,Miami
Lily,45,Boston
Jacob,33,Denver
Chloe,26,Austin
Oliver,38,Seattle
Sophie,28,Houston
Evelyn,32,Chicago
Emily,37,New York
Daniel,29,Los Angeles
Eleanor,43,San Francisco
Ava,35,Miami
Lucas,30,Boston
Abigail,39,Denver
Mia,34,Austin
William,41,Seattle
Sofia,25,Houston
Olivia,36,Chicago
Benjamin,31,New York
Grace,40,Los Angeles
James,26,San Francisco
Charlotte,37,Houston
Emma,38,Miami
Ethan,44,Boston
Harper,33,Denver
Sophia,29,Austin
Ella,29,Chicago
James,37,New York
Sophia,34,Los Angeles
William,32,San Francisco
Aiden,30,Houston
Lucy,27,Miami
Benjamin,44,Boston
Olivia,31,Denver
Mason,39,Austin
Liam,25,Seattle
Emily,36,Houston
Jacob,28,Chicago
Grace,43,New York
Eleanor,40,Los Angeles
Chloe,38,San Francisco
Charlotte,35,Miami
Samuel,26,Boston
Scarlett,33,Denver
Henry,29,Austin
Ava,42,Seattle
Sophie,37,Houston
Evelyn,31,Chicago
Oliver,45,New York
Michael,34,Los Angeles
Lily,41,San Francisco
Ethan,32,Houston
Lucas,30,Miami
Mia,28,Boston
Abigail,39,Denver
Sofia,26,Austin